signal_score,name,stars,language,category,description,url,last_updated,topics,license,forks,open_issues,readme_snippet
1.3625,Superalgos,5359,JavaScript,trading_core,"Free, open-source crypto trading bot, automated bitcoin / cryptocurrency trading software, algorithmic trading bots. Visually design your crypto trading bot, leveraging an integrated charting system, data-mining, backtesting, paper trading, and multi-server crypto bot deployments.",https://github.com/Superalgos/Superalgos,2026-03-25,"algorithmic-trading, algotrading, bitcoin-trading, bitcoin-trading-bots, crypto, crypto-trading, crypto-trading-bots, crypto-trading-strategies, cryptocurrencies, cryptocurrency, cryptocurrency-trading-bots, free, open-source, quantitative-trading, trading, trading-algorithms, trading-bot, trading-platform, trading-strategies, trading-systems",Apache-2.0,6080,97,:small_orange_diamond: Superalgos 1.6.1 !contributors !pull-activity !last-commit !bot-friendliness :small_orange_diamond: Table of Contents Main Topics - Introduction - Before You Begin - Getting Started - Installation Options - Installation for Developers and Contributors - Prerequisites - Superal
1.2494,hummingbot,17833,Python,trading_core,Open source software that helps you create and deploy high-frequency crypto trading bots,https://github.com/hummingbot/hummingbot,2026-03-25,"algotrading, arbitrage, backtesting, bitcoin, bot, crypto, cryptocurrency, cython, dex, docker, ethereum, hft, marketmaking, orderbook, python, trading",Apache-2.0,4553,349,!Hummingbot ---- ![License](https://github.com/hummingbot/hummingbot/blob/master/LICENSE) ![Twitter](https://twitter.com/_hummingbot) ![Youtube](https://www.youtube.com/@hummingbot) ![Discord](https://discord.gg/hummingbot) Hummingbot is an open-source framework that helps you design and deploy auto
1.2097,rqalpha,6251,Python,trading_core,"A extendable, replaceable Python algorithmic backtest && trading framework supporting multiple securities",https://github.com/ricequant/rqalpha,2026-03-25,"backtest, finance, futures, python, quant, ricequant, rqalpha, stock, ta-lib, trading",NOASSERTION,1722,25,======= RQAlpha ======= .. image:: https://raw.githubusercontent.com/ricequant/rq-resource/master/rqalpha/logo.jpg .. image:: https://github.com/ricequant/rqalpha/workflows/Test/badge.svg :target: https://github.com/ricequant/rqalpha/actions?query=workflow%3ATest :alt: GitHub Actions status for mast
1.209,quant-trading,9520,Python,trading_core,"Python quantitative trading strategies including VIX Calculator, Pattern Recognition, Commodity Trading Advisor, Monte Carlo, Options Straddle, Shooting Star, London Breakout, Heikin-Ashi, Pair Trading, RSI, Bollinger Bands, Parabolic SAR, Dual Thrust, Awesome, MACD",https://github.com/je-suis-tm/quant-trading,2026-03-25,"algorithmic-trading, bollinger-bands, commodity-trading, macd, momentum-strategy, momentum-trading-strategy, options-strategies, options-trading, pair-trading, quant, quantimental-analysis, quantitative-finance, quantitative-trading, quantitative-trading-strategies, statistical-arbitrage, trading-algorithms, trading-bot, trading-strategies, trading-strategy, trading-systems",Apache-2.0,1747,2,"Quant-trading &nbsp; Intro &nbsp; > We’re right 50.75 percent of the time... but we’re 100 percent right 50.75 percent of the time, you can make billions that way. <br><br> > --- Robert Mercer, co-CEO of Renaissance Technologies > If you trade a lot, you only need to be right 51 percent of the time,"
1.1977,backtesting.py,8107,Python,trading_core,🔎 📈 🐍 💰  Backtest trading strategies in Python.,https://github.com/kernc/backtesting.py,2026-03-25,"algo-trading, algorithmic-trading, backtesting, backtesting-engine, backtesting-frameworks, backtesting-trading-strategies, finance, financial-markets, forex, forex-trading, framework, hacktoberfest, investing, investment, investment-strategies, stocks, trading, trading-algorithms, trading-simulator, trading-strategies",AGPL-3.0,1416,72,![](https://kernc.github.io/backtesting.py/) Backtesting.py ============== ![Build Status](https://github.com/kernc/backtesting.py/actions) ![Code Coverage](https://codecov.io/gh/kernc/backtesting.py) ![Source lines of code](https://ghloc.vercel.app/kernc/backtesting.py) ![Backtesting on PyPI](https
1.1798,freqtrade-bot,559,Python,trading_core,"Freqtrade — Configuration and management tool for the Freqtrade open-source crypto trading bot with strategy backtesting, live/dry-run modes, 10+ exchange support (Binance, Kraken, OKX), hyperparameter optimization, FreqUI dashboard, and Rich terminal menu interface",https://github.com/Kaleighc793/freqtrade-bot,2026-03-25,"algorithmic-trading, backtesting, botbinance, bybit-trading, ccxt, cryptoautomation, cryptobot, dry-run, freqai, freqtrade, futures-trading, machine-learning, okx-trading, open-source-trading, python-trading, spot-trading, telegrambot, trading-cryptobot, trading-strategy, webui",MIT,352,1,"freqtrade-bot Freqtrade — Configuration and management tool for the Freqtrade open-source crypto trading bot with strategy backtesting, live/dry-run modes, 10+ exchange support (Binance, Kraken, OKX), hyperparameter optimization, FreqUI dashboard, and Rich terminal menu interface <div align=""center"""
1.1714,Krypto-trading-bot,3677,C++,trading_core,Self-hosted crypto trading bot (automated high frequency market making) written in C++,https://github.com/ctubio/Krypto-trading-bot,2026-03-25,"binance, bitcoin, bitfinex, bitmex, bob-marley, bot-platform, coinbase, cryptocurrency, exchange, hitbtc, kraken, kucoin, market-data, market-maker, skate-or-die, trade, trading, trading-bot, trading-platform, trading-strategies",NOASSERTION,832,64,"<img align=""left"" src=""https://user-images.githubusercontent.com/1634027/36237231-e611590e-11fa-11e8-8486-6675078501dc.jpg"" /><p align=""right"">self reminder:<br><b>patience is the mother of science</b></p><br><a href=""http://ciutatrefugi.barcelona/en/welcome-barcelona"">\*\*\* REFUGEES WELCOME! \*\*\"
1.1707,SGX-Full-OrderBook-Tick-Data-Trading-Strategy,2246,Jupyter Notebook,trading_core,Providing the solutions for high-frequency trading (HFT) strategies using data science approaches (Machine Learning) on Full Orderbook Tick Data.,https://github.com/rorysroes/SGX-Full-OrderBook-Tick-Data-Trading-Strategy,2026-03-25,"algorithmic-trading, backtesting-trading-strategies, feature-engineering, feature-selection, high-frequency-trading, investment, limit-order-book, machine-learning, market-maker, market-making, market-microstructure, model-selection, orderbook, orderbook-tick-data, python, quant, quantitative-trading, trading, trading-strategies",,692,5,"Modeling High-Frequency Limit Order Book Dynamics Using Machine Learning * Framework to capture the dynamics of high-frequency limit order books. <img src=""./Graph/pipline.png"" width=""650""> Overview In this project I used machine learning methods to capture the high-frequency limit order book dynami"
1.1703,hikyuu,3060,C++,trading_core,Hikyuu Quant Framework 基于C++/Python的极速开源量化交易研究框架，同时可基于策略部件进行资产重用，快速累积策略资产。,https://github.com/fasiondog/hikyuu,2026-03-25,"algorithms-trading, backtesting, cpp, finance, fintech, python, quant, stock, system-trading, trading, vestment",Apache-2.0,742,4,!title --- !img !img !img !img !img !img Hikyuu Quant Framework是一款基于C++/Python的开源超高速量化交易研究框架，用于策略分析及回测（目前主要用于国内A股市场）。专注于量化交易领域的核心技术构建，涵盖**交易模型开发、极速计算引擎、高效回测框架及实盘拓展能力**。其核心思想基于当前成熟的系统化交易方法，将整个系统化交易抽象为由市场环境判断策略、系统有效条件、信号指示器、止损/止盈策略、资金管理策略、盈利目标策略、移滑价差算法等组件，你可以分别构建这些组件的策略资产库，在实际研究中对它们自由组合来观察系统的有效性、稳定性以及
1.1692,hftbacktest,3858,Rust,trading_core,"Free, open source, a high frequency trading and market making backtesting and trading bot, which accounts for limit orders, queue positions, and latencies, utilizing full tick data for trades and order books(Level-2 and Level-3), with real-world crypto trading examples for Binance and Bybit",https://github.com/nkaz001/hftbacktest,2026-03-25,"algorithmic-trading, algotrading, backtesting, backtesting-engine, backtesting-trading-strategies, binance, crypto-bot, crypto-trading, hft, high-frequency-trading, limit-order-book, market-maker, market-making, orderbook, orderbook-tick-data, quantitative-trading, trading-algorithms, trading-simulator, trading-strategies, tradingbot",MIT,741,10,=========== HftBacktest =========== |codeql| |python| |pypi| |downloads| |rustc| |crates| |license| |docs| |roadmap| |github| High-Frequency Trading Backtesting Tool ======================================= This framework is designed for developing high frequency trading and market making strategies.
1.1627,Riskfolio-Lib,3832,C++,trading_core,Portfolio Optimization and Quantitative Strategic Asset Allocation in Python,https://github.com/dcajasn/Riskfolio-Lib,2026-03-25,"asset-allocation, convex-optimization, cvar-optimization, cvxpy, drawdown-model, duration-matching, efficient-frontier, finance, investment, investment-analysis, portfolio-management, portfolio-optimization, principal-components-regression, quantitative-finance, risk-contribution, risk-factors, risk-parity, sharpe-ratio, stepwise-regression, trading",BSD-3-Clause,620,0,"Riskfolio-Lib **Portfolio Optimization in Python, Easy for Everyone.** <a href=""https://www.kqzyfj.com/click-101360347-15150084?url=https%3A%2F%2Flink.springer.com%2Fbook%2F9783031843037"" target=""_blank""> <div> <img src=""https://raw.githubusercontent.com/dcajasn/Riskfolio-Lib/refs/heads/master/docs/"
1.1561,Stock-Prediction-Models,9269,Jupyter Notebook,trading_ml,Gathers machine learning and deep learning models for Stock forecasting including trading bots and simulations,https://github.com/huseinzol05/Stock-Prediction-Models,2026-03-25,"deep-learning, deep-learning-stock, evolution-strategies, learning-agents, lstm, lstm-sequence, monte-carlo, monte-carlo-markov-chain, seq2seq, stock-market, stock-prediction-models, stock-price-forecasting, stock-price-prediction, strategy-agent, trading-bot",Apache-2.0,3019,47,"<p align=""center""> <a href=""readme""> <img alt=""logo"" width=""50%"" src=""output/evolution-strategy.png""> </a> </p> <p align=""center""> <a href=""https://github.com/huseinzol05/Stock-Prediction-Models/blob/master/LICENSE""><img alt=""MIT License"" src=""https://img.shields.io/badge/License-Apache--License--2."
1.1484,TradeMaster,2538,Jupyter Notebook,trading_core,TradeMaster is an open-source platform for quantitative trading empowered by reinforcement learning :fire: :zap: :rainbow:,https://github.com/TradeMaster-NTU/TradeMaster,2026-03-24,"finance, fintech, investment-strategies, jupyter-notebook, machine-learning, python, pytorch, quantitative-trading, reinforcement-learning, stock-market, trading-platform",Apache-2.0,492,24,"TradeMaster: An RL Platform for Trading <div align=""center""> <img align=""center"" src=https://github.com/TradeMaster-NTU/TradeMaster/blob/main/figure/Logo.png width=""25%""/> <div>&nbsp;</div> ![Python 3.9](https://www.python.org/downloads/release/python-3916/) ![Platform](Platform) ![License](License)"
1.1472,pybroker,3245,Python,trading_core,Algorithmic Trading in Python with Machine Learning,https://github.com/edtechre/pybroker,2026-03-25,"ai, algorithmic-trading, algotrading, artificial-intelligence, backtesting, crypto, cryptocurrency, data-science, finance, framework, investment, machine-learning, python, quantitative-finance, stocks, trading, trading-strategies",NOASSERTION,417,6,"<img src=""https://github.com/edtechre/pybroker/blob/master/docs/_static/pybroker-logo.png?raw=true"" alt=""PyBroker""> ![python](https://www.python.org/) ![Apache 2.0 with Commons Clause](https://www.pybroker.com/en/latest/license.html) ![Documentation Status](https://www.pybroker.com/en/latest/?badge="
1.1396,polymarket-market-maker-bot,320,Python,trading_core,"A production-ready market-making bot for Polymarket’s CLOB. It manages inventory, places optimal quotes, handles cancel/replace cycles, and applies automated risk controls. Designed for efficient spread capture, balanced YES/NO exposure, and real-time orderbook trading with low latency and gas-optimized operations.",https://github.com/lorine93s/polymarket-market-maker-bot,2026-03-25,"algorithmic-trading, automated-trading, clob-market-maker-bot, high-frequency-trading, inventory-management, liquidity-provider, liquidity-providers, market-maker-bot, polymarket, polymarket-bot, polymarket-market-maker-bot, polymarket-trading-bot, predictio-market-bot, prediction-markets, promethues-metrics, trading-bot, websocket",,184,4,"Polymarket Market Maker Bot Production-grade **Polymarket CLOB market-making bot** with optimized inventory management, spread farming, intelligent cancel/replace cycles, and automated risk controls. Designed for professional market makers seeking balanced exposure, efficient quote placement, and ma"
1.139,howtrader,893,Python,trading_core,"Howtrader: A crypto quant framework for developing, backtesting, and executing your own trading strategies. Seamlessly integrates with TradingView and other third-party signals. Simply send a post request to automate trading and order placement. Supports Binance and Okex exchanges.",https://github.com/51bitquant/howtrader,2026-03-25,"51bitquant, algo, binance, binance-api, binance-bot, binance-trader, bitcoin, cryptocurrency, eth, okx-exchange, okx-v5, python, quant, quantitative, trader, trading, tradingview, tradingview-alert, tradingview-webhooks, vnpy",MIT,337,23,"HowTrader 中文文档 What does Howtrader means? It means how to be a trader, especially a quant trader. HowTrader crypto quantitative trading framework, and was forked from VNPY, so the core codes、functions and useages are pretty similar to VNPY, but would be more easy to install and use. By the way, Howt"
1.1311,blankly,2418,Python,trading_core,"🚀 💸  Easily build, backtest and deploy your algo in just a few lines of code. Trade stocks, cryptos, and forex across exchanges w/ one package.",https://github.com/blankly-finance/blankly,2026-03-25,"algotrading, binance, blankly, bot, bot-framework, bots, coinbase, crypto, cryptocurrency, framework, investment, platform, python, stocks, trading, trading-bot, trading-strategies",LGPL-3.0,310,32,"<br /> <div align=""center""> <img style=""margin: 0 auto; padding-bottom: 15px; padding-top: 30px"" width=70%"" src=""https://firebasestorage.googleapis.com/v0/b/blankly-6ada5.appspot.com/o/blankly-github-logo.png?alt=media&token=8f436cd2-3d28-432c-867a-afef780f4260""> </div> <br /> <div align=""center""> <"
1.1294,bitquant,1128,Python,trading_core,51bitquant Python数字货币量化交易视频 CCXT框架 爬取交易所数据 比特币量化交易 交易机器人51bitquant tradingbot cryptocurrency quantitative trading btc trading,https://github.com/51bitquant/bitquant,2026-03-17,"51bitquant, algorithmic-trading, ccxt, cryptocurrency, gekko, high-frequency-trading, klines, marketmaker, python, quant, quantitative-finance, trading, trading-bot, trading-strategies, tradingview, vnpy",MIT,318,2,python数字货币量化交易视频代码 youtube视频链接: https://www.youtube.com/channel/UCjCMoRi4dZ6LRV2KL_RP8KQ/videos B站找到视频链接: https://space.bilibili.com/401686908 币安合约交易快速下单软件下载 链接地址：https://share.weiyun.com/F03qTiin 网易云课堂进阶课程 如果你想学习进阶的课程，可以看下一网易云课堂的视频: https://study.163.com/course/courseMain.htm?courseId=1209509824 课程
1.1255,barter-rs,2033,Rust,trading_core,Open-source Rust framework for building event-driven live-trading & backtesting systems,https://github.com/barter-rs/barter-rs,2026-03-25,"algo-trading, algorithmic-trading, algotrading, backtesting, backtesting-engine, backtesting-frameworks, backtesting-trading-strategies, crypto-bot, event-driven, hft, high-frequency-trading, market-making, quant, quantitative-finance, rust, trading-bot, trading-platform, trading-simulator, trading-strategies, trading-systems",MIT,326,72,"Barter Barter is an algorithmic trading ecosystem of Rust libraries for building high-performance live-trading, paper-trading and back-testing systems. * **Fast**: Written in native Rust. Minimal allocations. Data-oriented state management system with direct index lookups. * **Robust**: Strongly typ"
1.1225,QuantDinger,1049,Python,trading_core,"AI-driven, local-first quantitative trading platform for research, backtesting and live execution. Python-native, privacy-first, open source.",https://github.com/brokermr810/QuantDinger,2026-03-25,"ai-trading, algo-trading, algorithmic-trading, backtesting, llm, local-first, multi-agent, polymarket, quantitative-trading, systematic-trading, trading-platform, vibe-coding, vibe-trading",Apache-2.0,264,6,"<div align=""center""> <a href=""https://github.com/brokermr810/QuantDinger""> <img src=""https://ai.quantdinger.com/img/logo.e0f510a8.png"" alt=""QuantDinger Logo"" width=""160"" height=""160""> </a> <h1>QuantDinger</h1> <h3>AI-Native Quantitative Trading Platform</h3> <p><strong>Vibe Coding Meets Algo Trading"
1.1193,adamant-tradebot,776,JavaScript,trading_core,"Free self-hosted market-making bot for crypto projects & token issuers. Volume, spread, liquidity, price ranges, and dynamic order books — all in one.",https://github.com/Adamant-im/adamant-tradebot,2026-03-25,"algorithmic-trading, bitcoin, blockchain, crypto, crypto-bot, crypto-exchanges, cryptocurrency, liquidity, market-liquidity, market-making, order-book, orderbook, self-hosted, spread, trading, trading-bot, trading-volume, volume",,236,9,
1.1185,Options-Trading-Strategies-in-Python,976,Python,trading_core,Developing Options Trading Strategies using Technical Indicators and Quantitative Methods,https://github.com/PyPatel/Options-Trading-Strategies-in-Python,2026-03-25,"indicators, machine-learning, machine-learning-algorithms, options-trading, options-trading-strategies, python, python3, quantitative, quantitative-finance, quantitative-investment, quantitative-strategies, quantitative-trading, technical-indicators",,243,6,
1.1143,Quantitative-Notebooks,1319,Jupyter Notebook,trading_core,"Educational notebooks on quantitative finance, algorithmic trading, financial modelling and investment strategy",https://github.com/LongOnly/Quantitative-Notebooks,2026-03-25,"algorithmic-trading, algotrading, asset-allocation, asset-management, asset-pricing, data-analysis, data-science, financial-analysis, jupyter, machine-learning, notebook, pairs-trading, python, quantitative-finance, quantitative-trading, stock-trading, trading-algorithms, trading-strategies",Apache-2.0,215,0,
1.1118,algotrading,1518,Python,trading_core,Algorithmic trading framework for cryptocurrencies.,https://github.com/ivopetiz/algotrading,2026-03-25,"algorithmic-trading, algotrading, backtest, backtesting-trading-strategies, bot, crypto, crypto-algotrading, cryptocurrencies, cryptocurrency, cryptocurrency-exchanges, framework, hft, hft-trading, high-frequency-trading, realtime, trading, trading-algorithms, trading-api, trading-bot, trading-simulator",MIT,195,8,
1.104,ccxt,41510,Python,trading_infra,A cryptocurrency trading API with more than 100 exchanges in JavaScript / TypeScript / Python / C# / PHP / Go ,https://github.com/ccxt/ccxt,2026-03-25,"altcoin, api, arbitrage, bitcoin, bot, btc, crypto, cryptocurrencies, cryptocurrency, eth, ethereum, exchange, invest, library, market-data, memecoin, merchant, strategy, trade, trading",MIT,8560,1370,
1.0998,Quantdom,761,Python,trading_core,Python-based framework for backtesting trading strategies & analyzing financial markets [GUI :neckbeard:],https://github.com/constverum/Quantdom,2026-03-14,"algorithmic-trading, algotrading, backtesting, finance, financial-analysis, fintech, investment, quant, quantitative-finance, stock-market, trading, trading-platform, trading-strategies",Apache-2.0,190,11,
1.0994,algobot,953,Python,trading_core,"Cryptocurrency trading bot with a graphical user interface with support for simulations, backtests, optimizations, and running live bots.",https://github.com/ZENALC/algobot,2026-03-25,"backtests, bot, crypto, cryptocurrency, optimizations, pyqt, pyqt5, python, robot, simulations, telegram, trade, trading",GPL-3.0,178,23,
1.0842,indicator,828,Go,trading_core,"Indicator Go delivers a rich set of technical analysis indicators, customizable strategies, and a powerful backtesting framework. No dependencies, just pure simplicity. ✨ See how! 👀",https://github.com/cinar/indicator,2026-03-21,"algorithmic-trading, bollinger-bands, finance, financial-instruments, indicator, indicators, macd, quant, quantative-finance, quantative-trading, quantitative-finance, stock-analysis, stock-market, technical-analysis, technical-analysis-indicators, technical-analysis-library, trading, trading-algorithms, trading-strategies, yahoo-finance",AGPL-3.0,150,40,
1.0789,mmb,599,Rust,trading_core,"Trading bot implemented in Rust, with market making and strategy automation for any exchange or blockchain.",https://github.com/purefinance/mmb,2026-03-23,"bot, crypto, cryptocurrency, marketmaker, marketmaking, orderbook, rust, rust-lang, serum, trading-bot, trading-strategies",GPL-3.0,103,1,
1.0732,investing-algorithm-framework,707,Python,trading_core,"Framework for developing, backtesting, and deploying automated trading algorithms and trading bots.",https://github.com/coding-kitties/investing-algorithm-framework,2026-03-24,"algorithmic-trading, backtesting, backtesting-trading-strategies, cryptocurrency, python, quantitative, quantitative-analysis, quantitative-finance, quantitative-trading, trade, trading, trading-bot, trading-bots, trading-strategies",Apache-2.0,93,16,
1.0727,alpha-rptr,639,Python,trading_core,"A trading bot for automated algorithmic trading on Binance Futures, Bybit, BitMEX and FTX written in python.",https://github.com/TheFourGreatErrors/alpha-rptr,2026-03-25,"algo, algorithmic-trading, binance, binance-futures, bitcoin, bitmex, bot, bybit, crypto, cryptocurrency, ftx, ftx-exchange, python, quantitative-trading, trading, trading-bot, trading-systems, websocket",MIT,81,1,
1.0704,bulbea,2267,Python,trading_ml,:boar: :bear: Deep Learning based Python Library for Stock Market Prediction and Modelling,https://github.com/achillesrasquinha/bulbea,2026-03-25,"deep-learning, finance, machine-learning, prediction, python-library, quantitative-finance, quantitative-trading, sentiment-analysis, stock-market, stock-market-prediction, stock-prediction",NOASSERTION,485,36,
1.0666,nautilus_trader,21428,Rust,trading_infra,Production-grade Rust-native trading engine with deterministic event-driven architecture,https://github.com/nautechsystems/nautilus_trader,2026-03-25,"algorithmic-trading-engine, artificial-intelligence, crypto-trading, equity-trading, forex, futures-trading, machine-learning, options-trading, python, rust, sports-betting, trading, trading-platform",LGPL-3.0,2539,65,
1.0641,pyjuque,456,Python,trading_core,⚡ Open Source Algorithmic Trading Bot for Python.,https://github.com/tudorelu/pyjuque,2026-03-19,"algorithmic-trading, binance, bitcoin, bot, ccxt, cryptocurrencies, ethereum, kucoin, okex, plotting, python3, strategy, trading",MIT,90,13,
1.063,strategies,5123,Unknown,trading_core,"quantitative trading with Javascript, Python, C++, PineScript, Blockly, MyLanguage(麦语言)",https://github.com/fmzquant/strategies,2026-03-25,,,1676,3,
1.0612,Deep_Learning_Machine_Learning_Stock,1726,Jupyter Notebook,trading_ml,Deep Learning and Machine Learning stocks represent promising opportunities for both long-term and short-term investors and traders.,https://github.com/LastAncientOne/Deep_Learning_Machine_Learning_Stock,2026-03-24,"algorithms, data-science, deep-learning, feature-engineering, feature-extraction, feature-selection, features-extraction, financial-engineering, machine-learning, neural-network, prediction, stock-analysis, stock-data, stock-market, stock-prediction, stock-price-prediction, stock-prices, stock-trading, technical-analysis, trading",MIT,369,4,
1.0611,TradingGym,1856,Python,trading_ml,Trading and Backtesting environment for training reinforcement learning agent or simple rule base algo.,https://github.com/Yvictor/TradingGym,2026-03-25,"backtest, backtesting-trading-strategies, python, reinforcement-learning, trading, trading-api, trading-bot, trading-platform, trading-simulator, trading-strategies",MIT,371,11,
1.048,Stock-Price-Predictor,316,HTML,trading_ml,"This project seeks to utilize Deep Learning models, Long-Short Term Memory (LSTM) Neural Network algorithm, to predict stock prices. ",https://github.com/Rajat-dhyani/Stock-Price-Predictor,2026-03-18,"capstone, deep-learning, jupyter-notebook, keras-tensorflow, long-short-term-memory, lstm, machine-learning, neural-network-algorithm, numpy, pandas, prediction, python, recurrent-neural-networks, stock-price-predictor, stock-prices",,165,5,
1.0436,QuantMuse,2126,Python,trading_core,"A comprehensive quantitative trading system with AI-powered analysis, real-time data processing, and advanced risk management",https://github.com/0xemmkty/QuantMuse,2026-03-25,"machine-learning, python, quantitative-trading",MIT,471,6,
1.0405,CEX-Option-Futures-Crypto-Quant-Algorithm-Trading-Bot,474,Python,trading_core,https://t.me/yeahrbb Automated cex option futures spot algorithm crypto quant binance bitget bybit kucoin trading bot binance trading bot binance trading bot binance trading bot binance trading bot binance trading bot binance trading bot binance trading bot binance trading bot binance trading bot binance trading bot binance trading bot binance bot,https://github.com/yeahrb/CEX-Option-Futures-Crypto-Quant-Algorithm-Trading-Bot,2026-03-25,"binance, binancetrading, bitget, bot, bybit, cex, crypto, cryptocurrency, futures, futures-trading, kucoin, option, quant, stock, trading, trading-algorithm, trading-algorithms-bot, trading-strategy",,30,10,
1.0394,crypto-rl,947,Python,trading_ml,Deep Reinforcement Learning toolkit: record and replay cryptocurrency limit order book data & train a DDQN agent,https://github.com/sadighian/crypto-rl,2026-03-15,"arctic, bitcoin, bitfinex, coinbase, coinbase-pro, cryptocurrencies, deep-reinforcement-learning, dqn, hft, limit-order-book, mongodb, multiprocessing, multithreading, order-book, orderbook, recorder, tick-data, tickstore, trading, trading-algorithms",,242,5,
1.0377,basana,820,Python,trading_core,"A Python async and event driven framework for algorithmic trading, with a focus on crypto currencies.",https://github.com/gbeced/basana,2026-03-20,"algorithmic-trading, asyncio, backtesting, binance, cryptocurrency, trading-algorithms, trading-bot",NOASSERTION,109,2,
1.029,Personae,1401,Python,trading_ml,📈 Personae is a repo of implements and environment of Deep Reinforcement Learning & Supervised Learning for Quantitative Trading.,https://github.com/Ceruleanacg/Personae,2026-03-22,"paper, reinforcement-learning, stock, stock-data, stock-price-prediction, supervised-learning, time-series-prediction, trading",MIT,340,9,
1.0265,best-of-algorithmic-trading,757,Unknown,trading_core,"A ranked list of algorithmic trading open-source libraries, frameworks, bots, tools, books, communities, education materials. Updated weekly.",https://github.com/merovinh/best-of-algorithmic-trading,2026-03-25,"algorithmic-trading, algotrading, best-of-algotrading, trading, trading-api, trading-bot",CC-BY-SA-4.0,115,0,
1.0239,crypto-trading-bot,3451,TypeScript,trading_infra,"Cryptocurrency trading bot in javascript for Bitfinex, Bitmex, Binance, Bybit ... (public edition)",https://github.com/Haehnchen/crypto-trading-bot,2026-03-25,"binance, bitfinex, bitmex, bot, bybit, ccxt, coinbase, crypto, cryptocurrency, docker, exchange, javascript, margin, nodejs, trading, trading-bot, trading-strategies, tradingview, websocket",MIT,1038,118,
1.0186,freqtrade,48035,Python,topic_search,"Free, open source crypto trading bot",https://github.com/freqtrade/freqtrade,2026-03-25,"algorithmic-trading, bitcoin, cryptocurrencies, cryptocurrency, freqtrade, python, telegram-bot, trade, trading-bot",GPL-3.0,10014,41,
1.0156,stock-prediction-deep-neural-learning,668,Jupyter Notebook,trading_ml,Predicting stock prices using a TensorFlow LSTM (long short-term memory) neural network for times series forecasting,https://github.com/JordiCorbilla/stock-prediction-deep-neural-learning,2026-03-24,"crypto, cryptocurrency, deep-learning, deep-neural-networks, finance, jupyter-notebook, lstm, lstm-model, lstm-neural-networks, machine-learning, market-data, recurrent-neural-networks, stock, stock-prediction, stock-prices, time-series, yfinance",CC0-1.0,125,0,
1.0155,High-Frequency-Trading-Model-with-IB,2901,Python,trading_core,A high-frequency trading model using Interactive Brokers API with pairs and mean-reversion in Python,https://github.com/jamesmawm/High-Frequency-Trading-Model-with-IB,2026-03-25,,MIT,682,12,
1.0123,qlib,39325,Python,topic_search,"Qlib is an AI-oriented Quant investment platform that aims to use AI tech to empower Quant Research, from exploring ideas to implementing productions. Qlib supports diverse ML modeling paradigms, including supervised learning, market dynamics modeling, and RL, and is now equipped with https://github.com/microsoft/RD-Agent to automate R&D process.",https://github.com/microsoft/qlib,2026-03-25,"algorithmic-trading, auto-quant, deep-learning, finance, fintech, investment, machine-learning, paper, platform, python, quant, quant-dataset, quant-models, quantitative-finance, quantitative-trading, research, research-paper, stock-data",MIT,6126,378,
1.0062,deep-trading-agent,793,Python,trading_ml,Deep Reinforcement Learning based Trading Agent for Bitcoin,https://github.com/samre12/deep-trading-agent,2026-03-19,"agent, artificial-intelligence, bitcoin, deep-q-network, deep-reinforcement-learning, deep-sense, recurrent-neural-networks, trading",MIT,206,6,
1.0029,abu,16610,Python,topic_search,阿布量化交易系统(股票，期权，期货，比特币，机器学习) 基于python的开源量化交易，量化投资架构,https://github.com/bbfamily/abu,2026-03-25,"algorithmic-trading, bitcoin, machine-learning, matplotlib, numpy, pandas, quant, quantitative-trading, stock, trade, trading",GPL-3.0,4467,3,
1.0014,poly-maker,963,Python,trading_core,An automated market making bot for Polymarket that provides liquidity by maintaining orders on both sides of the order book with customizable parameters   configured via Google Sheets.,https://github.com/warproxxx/poly-maker,2026-03-25,,MIT,381,4,
1.0012,Lean,18084,C#,topic_search,"Lean Algorithmic Trading Engine by QuantConnect (Python, C#)",https://github.com/QuantConnect/Lean,2026-03-25,"algorithm, algorithmic-trading-engine, c-sharp, finance, forex, lean-engine, options, python, quantconnect, stock-indicators, trading, trading-algorithms, trading-bot, trading-platform, trading-strategies",Apache-2.0,4635,257,
0.9932,awesome-quant,25106,HTML,topic_search,"A curated list of insanely awesome libraries, packages and resources for Quants (Quantitative Finance)",https://github.com/wilsonfreitas/awesome-quant,2026-03-25,"algorithmic-trading-engine, algorithmic-trading-library, algotrading, arbitrage-bot, awesome, awesome-list, finance, finance-api, financial-data, financial-instruments, google-finance, quant, quantitative-finance, quantitative-trading, stock-data, technical-analysis, trading-algorithms, trading-bot, trading-strategies, yahoo-finance",,3312,15,
0.986,FinRL,14557,Jupyter Notebook,topic_search,FinRL®:  Financial Reinforcement Learning. 🔥,https://github.com/AI4Finance-Foundation/FinRL,2026-03-25,"algorithmic-trading, deep-reinforcement-learning, drl-algorithms, drl-framework, drl-trading-agents, finance, fintech, multi-agent-learning, openai-gym, pythorch, stock-markets, stock-trading, tensorflow2, trading-tasks",MIT,3236,297,
0.9858,stock-bot,303,Python,trading_core,An open-source Python backtesting engine for designing and evaluating daily stock trading algorithms against real historical market data.,https://github.com/ryantcullen/stock-bot,2026-02-25,"finance, open-source, quantitative-finance, stock-market, trading-algorithms",AGPL-3.0,87,0,
0.9801,stock,12037,Python,topic_search,"stock股票.获取股票数据,计算股票指标,筹码分布,识别股票形态,综合选股,选股策略,股票验证回测,股票自动交易,支持PC及移动设备。",https://github.com/myhhub/stock,2026-03-25,"backtest, backtesting, broker-trading-platform, cyq, distribution-of-chips, position-cost-distribution, quantitative, quantitative-finance, stock, stocks, strategies, strategy",Apache-2.0,2498,2,
0.9733,StockSharp,9339,C#,topic_search,"Algorithmic trading and quantitative trading open source platform to develop trading robots (stock markets, forex, crypto, bitcoins, and options).",https://github.com/StockSharp/StockSharp,2026-03-25,"algorithmic-trading, algorithmic-trading-engine, backtesting, bitcoins, broker, brokers, c-sharp, crypto, cryptocurrency, finance, fixprotocol, forex, hft-trading, interactive-brokers, quantitative-finance, stocks, trading, trading-platform, trading-robots, trading-strategies",Apache-2.0,2076,10,
0.9712,tensortrade,6086,Python,trading_ml,"An open source reinforcement learning framework for training, evaluating, and deploying robust trading agents.",https://github.com/tensortrade-org/tensortrade,2026-03-25,,Apache-2.0,1213,44,
0.9663,mlbot_tutorial,514,Jupyter Notebook,trading_core,A tutorial for algorithmic trading bot using machine learning.,https://github.com/richmanbtc/mlbot_tutorial,2026-03-22,,CC0-1.0,190,0,
0.9651,Factor-Research,391,Jupyter Notebook,trading_ml,"Advanced Quantitative Factor Research: ML-powered stock return prediction with 72% performance improvement. Features comprehensive alpha factor library, systematic feature selection, and deep learning models (LSTM+ResNet achieving IC=0.06476).",https://github.com/nuglifeleoji/Factor-Research,2026-03-18,"alpha-factors, backtesting, deep-learning, factor-modeling, feature-selection, lstm, machine-learning, pytorch, transformer",,53,0,
0.9581,Machine-Learning-for-Algorithmic-Trading-Bots-with-Python,402,Jupyter Notebook,trading_core,,https://github.com/PacktPublishing/Machine-Learning-for-Algorithmic-Trading-Bots-with-Python,2026-03-09,,MIT,168,2,
0.9562,Crypto-Signal,5500,Python,topic_search,"Github.com/CryptoSignal - Trading & Technical Analysis Bot - 4,100+ stars, 1,100+ forks",https://github.com/CryptoSignal/Crypto-Signal,2026-03-25,"abenezer-mamo, algorithmic-trading, binance, binance-api, bitcoin, bittrex-api, coinbase, coinbase-api, coinbase-pro, crypto, crypto-signal, cryptosignal, cryptotrading, ethereum, gdax, mamo, technical-analysis, trading, trading-bot, trading-strategies",MIT,1343,59,
0.952,quantstats,6892,Python,topic_search,"Portfolio analytics for quants, written in Python",https://github.com/ranaroussi/quantstats,2026-03-25,"algo-trading, algorithmic-trading, algotrading, finance, plotting, python, quant, quantitative-analysis, quantitative-finance, quantitative-trading, visualization",Apache-2.0,1139,5,
0.9513,jesse,7591,JavaScript,topic_search,An advanced crypto trading bot written in Python,https://github.com/jesse-ai/jesse,2026-03-25,"algo-trading, algorithmic-trading, bitcoin, bot, crypto, crypto-bot, crypto-bot-trading, cryptocurrency, framework, jesse, python, quantitative-finance, quantitative-trading, trade, trading, trading-algorithms, trading-bot, trading-strategies",MIT,1073,5,
0.9508,awesome-systematic-trading,7510,Python,topic_search,"A curated list of awesome libraries, packages, strategies, books, blogs, tutorials for systematic trading.",https://github.com/paperswithbacktest/awesome-systematic-trading,2026-03-25,"algorithmic-trading, algotrading, alpha, arbitrage-bot, awesome, awesome-list, book, finance, futures, futures-historical-data, futures-market, futuresmarkets, paper, quant, quantitative-finance, quantitative-trading, trading-algorithms, trading-bot, trading-strategies",,1067,15,
0.9467,OctoBot,5516,Python,topic_search,"Free open source crypto trading bot to automate AI, Grid, DCA and TradingView strategies on Binance, Hyperliquid and 15+ exchanges, with a simple interface.",https://github.com/Drakkar-Software/OctoBot,2026-03-25,"ai-trading, backtest, binance-api, bitcoin, coinbase-bot, cryptocurrencies, free, hyperliquid-trading-bot, paper-trading, python, solana, telegrambot, trading-bot, tradingview-pinescript-signal-alert-bot",GPL-3.0,1106,114,
0.9455,zvt,4040,Python,topic_search,modular quant framework.,https://github.com/zvtvz/zvt,2026-03-25,"algorithmic-trading, backtesting, cryptocurrency, fintech, fundamental-analysis, machine-learning, ml, python, quant, quantitative-finance, quantitative-trading, stock, stock-market, technical-analysis, trading-bot, trading-platform, trading-strategies, zvt",MIT,976,21,
0.9447,gekko,10177,JavaScript,topic_search,A bitcoin trading bot written in node - https://gekko.wizb.it/,https://github.com/askmike/gekko,2026-03-25,"bitcoin, exchange, gekko, trading-bot, trading-strategies",MIT,3847,0,
0.9446,UNICORN-Binance-WebSocket-API,816,Python,data_pipeline,"Real-time Binance market data streaming console with WebSocket stream management, live ticker snapshots, and multi-exchange support.",https://github.com/gesine1541ro7/UNICORN-Binance-WebSocket-API,2026-03-23,"api-wrapper, binance, binance-api, candlestick, cryptocurrency, data-feed, futures, kline, market-data, orderbook, python, real-time, rich-tui, spot-trading, streaming, ticker, trading, websocket, websocket-client, webstream",MIT,457,0,
0.9426,vectorbt,6984,Python,topic_search,⚡️ Lightning-fast backtesting engine to find your trading edge.,https://github.com/polakowo/vectorbt,2026-03-25,"algorithmic-trading, algorithmic-traiding, backtesting, cryptocurrency, data-science, data-visualization, finance, machine-learning, portfolio-optimization, quantitative-analysis, quantitative-finance, time-series, trading, trading-strategies",NOASSERTION,897,134,
0.9418,botflow,1196,Python,trading_core,"Python Fast Dataflow programming  framework for Data pipeline work( Web Crawler,Machine Learning,Quantitative Trading.etc)",https://github.com/kkyon/botflow,2026-03-25,,NOASSERTION,103,4,
0.937,deep_trader,1491,Python,trading_ml,This project uses reinforcement learning on stock market and agent tries to learn trading. The goal is to check if the agent can learn to read tape. The project is dedicated to hero in life great Jesse Livermore. ,https://github.com/deependersingla/deep_trader,2026-03-19,,,500,11,
0.9354,financial-machine-learning,8457,Python,topic_search,A curated list of practical financial machine learning tools and applications.,https://github.com/firmai/financial-machine-learning,2026-03-25,"algorithmic-trading, cryptocurrency, finance, investment, quant, quantitative-finance, stock-market, trading-strategies",,1396,11,
0.9346,RLTrader,1851,Python,trading_ml,A cryptocurrency trading environment using deep reinforcement learning and OpenAI's gym,https://github.com/notadamking/RLTrader,2026-03-19,,GPL-3.0,548,43,
0.9333,backtrader,20905,Python,topic_search,Python Backtesting library for trading strategies,https://github.com/mementum/backtrader,2026-03-25,"backtesting, metaclass, python, trading",GPL-3.0,4977,55,
0.9306,zipline,19545,Python,topic_search,"Zipline, a Pythonic Algorithmic Trading Library",https://github.com/quantopian/zipline,2026-03-25,"algorithmic-trading, python, quant, zipline",Apache-2.0,4949,368,
0.9284,trading-vue-js,2276,JavaScript,topic_search,💹  Hackable charting lib for traders. You can draw literally ANYTHING on top of candlestick charts. [Not Maintained],https://github.com/tvjsx/trading-vue-js,2026-03-23,"algo-trading, bitcoin, candlestick-charts, charts, crypto, financial-analysis, finviz, overlays, reactive, trading, visualization, vue, vuejs",MIT,675,78,
0.926,ticker,5999,Go,topic_search,"Track stocks, crypto, and derivatives prices and positions in real time from your terminal",https://github.com/achannarasappa/ticker,2026-03-25,"bitcoin, crypto-trading, cryptocurrencies, derivatives, financial-markets, golang, golang-application, stock-market, stock-positions, stocks, stocks-app, terminal, terminal-app, ticker, trading, trading-software, tui",GPL-3.0,324,36,
0.922,awesome-systematic-trading,3737,HTML,topic_search,"A curated list of insanely awesome libraries, packages and resources for systematic trading. Crypto, Stock, Futures, Options, CFDs, FX, and more | 量化交易 | 量化投资",https://github.com/wangzhe3224/awesome-systematic-trading,2026-03-25,"algorithmic-trading, alpha, awesome-list, backtesting, bitcoin, cryptocurrencies, cryptocurrency, finance, finances, golang, python, quant, quantitative-trading, rust, systematic-trading, systematic-trading-strategies, trading, trading-algorithms, trading-bot, trading-strategies",MIT,459,4,
0.9196,alpaca-trade-api-python,1861,Python,topic_search,Python client for Alpaca's trade API,https://github.com/alpacahq/alpaca-trade-api-python,2026-03-18,"algo-trading, alpaca, api, crypto, hacktoberfest, market-data, python, rest-api, stock-market, trade, trading, websocket",Apache-2.0,556,62,
0.9134,profitmaker,344,TypeScript,trading_infra,"Open source, customized, extendable trading platform that supports 100+ crypto exchanges.",https://github.com/suenot/profitmaker,2026-03-23,"binance, bitcoin, bot, ccxt, crypto, cryptocurrency, dashboard, exchange, exchange-markets, exchange-trading, stock, stock-data, terminal, trade, trader, trader-workstation, trading, trading-api, trading-platform, trading-strategies",,89,30,
0.9104,ccxt-rest,484,JavaScript,trading_infra,Open Source Unified REST API of 100+ Crypto Exchange Sites (18k+ docker pulls) - https://ccxt-rest.io/,https://github.com/ccxt-rest/ccxt-rest,2026-03-23,"altcoin, api, arbitrage, bitcoin, bot, btc, crypto, cryptocurrency, docker, eth, ethereum, exchange, rest, trading",MIT,84,42,
0.9062,nof1-tracker,746,TypeScript,trading_ml,A command-line tool for tracking nof1.ai AI Agent trading signals and automatically executing Binance futures trades,https://github.com/terryso/nof1-tracker,2026-03-25,nof1,MIT,206,26,
0.9058,intelligent-trading-bot,1648,Python,topic_search,Intelligent Trading Bot: Automatically generating signals and trading based on machine learning and feature engineering,https://github.com/asavinov/intelligent-trading-bot,2026-03-24,"algorithmic-trading, artificial-intelligence, bitcoin, crypto, crypto-trading, cryptocurrency, feature-engineering, machine-learning, trading, trading-bots",MIT,372,43,
0.9017,bxbot,863,Java,topic_search,A simple Bitcoin trading bot written in Java.,https://github.com/gazbert/bxbot,2026-03-17,"bitcoin, bitfinex, bitstamp, bot, btc, coinbase, crypto, crypto-bot, crypto-trading, cryptocurrencies, cryptocurrency, cryptocurrency-exchanges, exchange-api, gemini, java, kraken, rest-api, trading, trading-api, tradingbot",MIT,289,9,
0.9009,binance_grid_trader,946,Python,topic_search,"Binance_grid_trader is a grid strategy bot trading with Binance Spot and Binance Futures Exchange. you can use it to trade any pair in Binance Exchange. Binance_grid_trader是一个币安网格策略软件, 目前支持币安现货，USDT合约和币币合约。",https://github.com/51bitquant/binance_grid_trader,2026-03-18,"51bitquant, algo-trading, algorithms, binance, binance-api, binance-exchange, bitcoin, btc, grid, grid-strategy, market-maker, okex, okex-api, python3, quantitative-finance, strategy, trading-algorithms, trading-bot, trading-bots, trading-strategies",MIT,298,15,
0.8973,TradingView-Machine-Learning-GUI,919,Python,data_pipeline,"HyperView is a terminal-first TradingView strategy lab for downloading market data, backtesting Python strategies with Pine-like behavior, and optimizing SL/TP parameters.",https://github.com/TreborNamor/TradingView-Machine-Learning-GUI,2026-03-25,"algorithmic-trading, backtesting, cli, hyperparameter-optimization, hyperparameter-tuning, market-data, optuna, python, quantitative-finance, ta-lib, trading-strategy, tradingview, websocket",MIT,247,0,
0.8959,AutoTrader,1236,Python,topic_search,A Python-based development platform for automated trading systems - from backtesting to optimisation to livetrading. ,https://github.com/kieran-mackle/AutoTrader,2026-03-22,"algo-trading, algorithmic-trading, autotrader, crypto, finance, forex, investing, oanda, python, quantitative-finance, quantitative-trading, stocks, technical-analysis, trading, trading-algorithms, trading-bot, trading-platform, trading-strategies",GPL-3.0,292,35,
0.8944,gym-trading,712,Jupyter Notebook,trading_ml,Environment for reinforcement-learning algorithmic trading models,https://github.com/hackthemarket/gym-trading,2026-03-12,,MIT,213,6,
0.89,Test-stock-prediction-algorithms,435,Jupyter Notebook,trading_ml,"Use deep learning, genetic programming and other methods to predict stock and market movements",https://github.com/timestocome/Test-stock-prediction-algorithms,2026-03-20,,MIT,153,0,
0.8836,Deep-Reinforcement-Stock-Trading,692,Jupyter Notebook,trading_ml,A light-weight deep reinforcement learning framework for portfolio management. This project explores the possibility of applying deep reinforcement learning algorithms to stock trading in a highly modular and scalable framework.,https://github.com/Albert-Z-Guo/Deep-Reinforcement-Stock-Trading,2026-03-20,,GPL-3.0,158,1,
0.8821,qtpylib,2258,Python,topic_search,"QTPyLib, Pythonic Algorithmic Trading ",https://github.com/ranaroussi/qtpylib,2026-03-25,"algo-trading, algorithmic-trading, algotrading, backtester, interactive-brokers, interactivebrokers, quantitative-finance",Apache-2.0,524,68,
0.8809,cassandre-trading-bot,650,Java,topic_search,"Create your Java crypto trading bot in minutes. Our Spring boot starter takes care of exchange connections, accounts, orders, trades, and positions so you can focus on building your strategies.",https://github.com/cassandre-tech/cassandre-trading-bot,2026-03-17,"binance, bitcoin, bot, coinbase, crypto-trading, crypto-trading-bot, cryptocurrency, cryptotrading, java, kucoin, market, spring, spring-boot-starter, sprint-boot, ta4j, technical-analysis, trades, trading, trading-bot, trading-strategies",GPL-3.0,191,18,
0.8748,ai-hedge-fund-crypto,543,Python,topic_search,"AI-Hedge-Fund for Crypto 🚀  AI-powered hedge fund for cryptocurrency trading, leveraging LLM agents for intelligent decision-making.",https://github.com/51bitquant/ai-hedge-fund-crypto,2026-03-25,"ai-agent, ai-trading, ai-trading-agent, algorithmic-trading, backtesting, crypto-trading, hedge-fund, langchain, langchain-python, llm, llm-agent, multi-timeframe-analysis, openai, portfolio-management, quantitative-finance, strategy-ensembling, technical-analysis",MIT,145,9,
0.8746,opennews-mcp,704,Python,trading_ml,Crypto News Aggregation · AI Ratings · Trading Signals · Real-time Updates,https://github.com/6551Team/opennews-mcp,2026-03-25,,MIT,120,1,
0.8563,qtrader,547,Python,trading_infra,A Light Event-Driven Algorithmic Trading Engine,https://github.com/josephchenhk/qtrader,2026-03-23,"backtesting, python, quantitative-trading, trading",,108,7,
0.8507,tardis-node,348,TypeScript,data_pipeline,Convenient access to tick-level real-time and historical cryptocurrency market data via Node.js,https://github.com/tardis-dev/tardis-node,2026-03-25,"arbitrage, async-iterable, binance, bitmex, bitmex-api, bitmexbot, btc, ccxt, cryptocurrency-api, cryptocurrency-exchanges, deribit, eth, exchange, historical-data, market-data, orderbook, orderbook-tick-data, real-time, trading, websocket",MPL-2.0,78,6,
0.8503,alltick-realtime-forex-crypto-stock-tick-finance-websocket-api,535,Java,data_pipeline,"Real-time financial market data API, real-time forex data API, real-time stock data API, real-time cryptocurrency data API, real-time commodity data API service,real-time tick data,tick-by-tick quotes,data access solutions,real-time market quotes api,实时金融市场数据API,实时外汇数据API,实时股票数据API,实时加密货币数据API,实时商品数据API服务, 实时Tick数据, 逐笔报价, 数据接入解决方案,实时行情报价api",https://github.com/alltick/alltick-realtime-forex-crypto-stock-tick-finance-websocket-api,2026-03-24,"cryptocurrency-api, forex-api, free-market, free-quote, gold-api, hk-stocks-api, kline, market, market-data, metals-api, python-quote, quote, quote-api, quotes-api, stock, stock-api, stock-apis, tick, us-stocks-api, websocket",,79,15,
0.8488,tai,493,Elixir,topic_search,"A composable, real time, market data and trade execution toolkit. Built with Elixir, runs on the Erlang virtual machine",https://github.com/fremantle-industries/tai,2026-03-17,"algorithmic-trading, automated-trading, bitcoin, crypto-trader, crypto-trading, crypto-trading-bot, cryptocurrency, cryptocurrency-trader, cryptocurrency-trading-bot, derivatives, fintech, hft, hft-trading, investment, quant, quantitative-finance, trading, trading-bot, trading-systems",MIT,82,11,
